Name,Age
Jennifer Graham,21
William Rose,08
Mary Herrera,20
Scott Smith,22
Matthew Alexander,18
Kelly Wilson,21
Johnathan Bass,22
Emily Tucker,19
Mr. Joseph Meadows,24
Debra Bryan,21
Katie Walker,18
Courtney Young,05
Yolanda Stuart,18
Kathryn Johnson,23
Vincent Bennett,19
Grant Jacobs MD,25
Kim Howard,21
Christopher Sandoval,23
Kathy Gomez,15
Daniel Ruiz,23
Jill Hatfield,21
Kevin Hicks,24
Laura Myers,18
Emily Robles,22
Aaron Lamb,24
Michael Ingram,14
Juan Kim,20
Elizabeth Lopez,25
Jeremy Hatfield,19
Evan Powell,25
Stephanie Johnson,25
Malik West,25
Austin Sullivan,22
Jessica Clarke,12
Dustin Williams,18
Maureen Armstrong,19
Christopher Nguyen,10
James Vang,19
Kevin Vargas,22
Jordan Velasquez,23
Nancy Moreno,22
Heather Williams,19
Julia Garza,10
Kevin Marshall,21
Jeffrey Williams,21
Daniel Davis,24
Christine Wiggins,19
Joshua Fernandez,25
Andrea Garcia,16
Jordan Johnson,20